individual_cloud,timestamp,x,y,z,qx,qy,qz,qw
cloud_1708348630_039733000,1708348630.039733,0.0127649,-0.00506905,-0.0600265,0.0147297,0.0134441,-0.00031088,0.999801
cloud_1708348636_933911000,1708348636.933911,1.07947,0.243709,-0.0937352,0.0297655,0.0659661,0.0983883,0.992513
cloud_1708348638_432251000,1708348638.432251,2.17719,0.322919,-0.206492,0.0130774,0.0458403,0.0455564,0.997824
cloud_1708348639_631630000,1708348639.63163,3.18302,0.316307,-0.3749,0.0173078,0.0395816,0.0571535,0.99743
cloud_1708348641_129694000,1708348641.129694,4.34574,0.467078,-0.438931,0.011296,0.0538067,0.118195,0.991467
cloud_1708348642_328449000,1708348642.328449,5.39906,0.695224,-0.508837,0.0237544,0.0790361,0.0611094,0.994713
cloud_1708348643_527023000,1708348643.527023,6.4224,0.93356,-0.64392,0.00277133,0.0573366,0.0642429,0.996282
cloud_1708348644_726058000,1708348644.726058,7.42905,1.10036,-0.763981,0.00704061,0.0644276,0.0733483,0.995198
cloud_1708348645_923727000,1708348645.923727,8.57489,1.10705,-0.793921,0.0255133,0.0962489,0.0373375,0.994329
cloud_1708348647_422617000,1708348647.422617,9.69281,1.11987,-1.0113,0.00486581,0.0358733,0.0799646,0.99614
cloud_1708348648_621972000,1708348648.621972,10.7938,1.37786,-1.19532,-0.00641198,0.0343514,0.196902,0.9798
cloud_1708348649_820873000,1708348649.820873,11.8904,1.6269,-1.32287,0.0119978,0.0580627,0.189692,0.980052
cloud_1708348651_019372000,1708348651.019372,13.0389,2.00158,-1.40486,0.00791633,0.0851685,0.100305,0.991273
cloud_1708348652_218695000,1708348652.218695,14.1362,2.30344,-1.56942,0.040835,0.0374267,0.11595,0.991709
cloud_1708348653_417355000,1708348653.417355,15.2297,2.45161,-1.70228,0.0294309,0.0742281,0.0157752,0.996682
cloud_1708348654_616416000,1708348654.616416,16.3839,2.54319,-1.78804,0.00130372,0.0545111,0.128553,0.990203
cloud_1708348655_814539000,1708348655.814539,17.4858,2.74942,-1.92546,0.0095982,0.0407421,0.205431,0.977776
cloud_1708348657_014101000,1708348657.014101,18.4864,3.28465,-2.04404,0.00201784,0.0861266,0.275005,0.957575
cloud_1708348658_212342000,1708348658.212342,19.3891,3.9386,-2.11085,0.00420075,0.0777899,0.245891,0.966162
cloud_1708348659_411901000,1708348659.411901,20.4226,4.52883,-2.21226,0.0135203,0.0688968,0.220641,0.972825
cloud_1708348660_611033000,1708348660.611033,21.5387,4.95075,-2.30128,0.013536,0.0456976,0.218267,0.974725
cloud_1708348661_809372000,1708348661.809372,22.6785,5.4766,-2.4339,0.00648093,0.0258846,0.208879,0.977577
cloud_1708348663_008219000,1708348663.008219,23.8184,6.03215,-2.54298,-0.000431678,0.0427529,0.203978,0.978041
cloud_1708348664_206444000,1708348664.206444,24.8906,6.54787,-2.58059,0.00445833,0.0650985,0.184172,0.980726
cloud_1708348665_405872000,1708348665.405872,25.9364,7.03964,-2.6698,0.0199249,0.0422507,0.209192,0.976758
cloud_1708348666_604684000,1708348666.604684,26.9743,7.55951,-2.81836,0.0047601,0.0579875,0.270581,0.960937
cloud_1708348667_802829000,1708348667.802829,27.9738,8.09382,-2.87156,-0.0209126,0.0916487,0.223753,0.970102
cloud_1708348669_002176000,1708348669.002176,29.0317,8.52547,-2.97258,0.00094153,0.07793,0.205775,0.975491
cloud_1708348670_500384000,1708348670.500384,30.2364,8.99047,-3.08979,0.0147061,0.0738135,0.192638,0.978379
cloud_1708348671_699348000,1708348671.699348,31.2905,9.36784,-3.17919,0.0356748,0.0501331,0.106108,0.992449
cloud_1708348672_898455000,1708348672.898455,32.4238,9.59348,-3.28572,0.0146724,0.0685824,0.122055,0.990042
cloud_1708348674_097222000,1708348674.097222,33.6438,9.9319,-3.29133,0.0248198,0.0809425,0.15995,0.983488
cloud_1708348674_995614000,1708348674.995614,34.6082,10.2632,-3.41372,0.016195,0.0878781,0.157592,0.983453
cloud_1708348676_194760000,1708348676.19476,35.873,10.631,-3.49153,0.00920748,0.065041,0.124161,0.990085
cloud_1708348677_094504000,1708348677.094504,36.8743,10.8126,-3.58302,0.0178373,0.0444104,0.0852354,0.995211
cloud_1708348677_993699000,1708348677.993699,37.8687,10.956,-3.61306,0.0283818,0.0703992,0.0845845,0.993521
cloud_1708348678_892714000,1708348678.892714,38.9008,11.1019,-3.73074,0.0103406,0.0503505,0.0873952,0.994847
cloud_1708348679_791515000,1708348679.791515,39.9465,11.3328,-3.76027,0.00461449,0.0617317,0.100063,0.993054
cloud_1708348680_690338000,1708348680.690338,40.9333,11.5342,-3.79751,0.0278364,0.0731627,0.0995051,0.991953
cloud_1708348681_889319000,1708348681.889319,42.1317,11.6806,-3.8298,0.0259155,0.0793839,0.143297,0.98615
cloud_1708348683_088369000,1708348683.088369,43.289,11.9986,-3.8959,0.0129138,0.0435362,0.244585,0.968564
cloud_1708348683_986871000,1708348683.986871,44.1589,12.5009,-3.93528,-0.00477173,0.0412401,0.213332,0.976097
cloud_1708348684_886378000,1708348684.886378,45.1159,12.942,-3.99097,-0.0031766,0.0544692,0.276556,0.959448
cloud_1708348686_085405000,1708348686.085405,46.1717,13.6298,-4.004,0.0104346,0.0970066,0.306256,0.946936
cloud_1708348687_284015000,1708348687.284015,47.2593,14.2532,-3.9678,0.0107197,0.0909946,0.224023,0.970267
cloud_1708348688_482786000,1708348688.482786,48.3012,14.7945,-3.96241,0.00599891,0.0815882,0.217625,0.972598
cloud_1708348689_681221000,1708348689.681221,49.4312,15.3274,-4.04605,0.0130266,0.0509221,0.208582,0.976592
cloud_1708348690_880209000,1708348690.880209,50.7027,15.7834,-4.05643,-0.000928214,0.0821075,0.195076,0.977345
cloud_1708348692_078879000,1708348692.078879,51.8249,16.3411,-4.06598,-0.00555451,0.0771407,0.256125,0.963545
cloud_1708348693_277924000,1708348693.277924,52.9513,16.9953,-4.02933,-0.00647789,0.0921318,0.271511,0.957994
cloud_1708348694_476673000,1708348694.476673,54.0763,17.6511,-4.01035,-0.0045467,0.0924127,0.261672,0.960712
cloud_1708348695_675932000,1708348695.675932,55.1615,18.235,-4.05673,0.0187568,0.0710262,0.253204,0.96462
cloud_1708348696_875183000,1708348696.875183,56.2917,18.7416,-4.08087,0.0289391,0.0882604,0.2279,0.969244
cloud_1708348698_073910000,1708348698.07391,57.2669,19.0292,-4.02967,0.0338351,0.0855232,-0.0564163,0.994162
cloud_1708348699_572539000,1708348699.572539,58.2555,18.5726,-4.16778,0.0568188,0.0522014,-0.454884,0.887202
cloud_1708348700_771880000,1708348700.77188,58.7083,17.5916,-4.29387,0.0632666,0.030312,-0.602809,0.794796
cloud_1708348701_971028000,1708348701.971028,58.8833,16.58,-4.4289,0.037058,-0.00947134,-0.726348,0.686262
cloud_1708348703_169752000,1708348703.169752,58.8502,15.4542,-4.46647,0.0739199,0.0302207,-0.82381,0.561213
cloud_1708348704_368408000,1708348704.368408,58.4748,14.5091,-4.49133,-0.0615883,-0.0100939,0.910639,-0.408463
cloud_1708348705_567110000,1708348705.56711,57.8643,13.6527,-4.54196,-0.067021,-0.0189366,0.906297,-0.416864
cloud_1708348706_766228000,1708348706.766228,57.0689,13.0175,-4.50472,-0.0591897,0.0164715,0.969035,-0.239156
cloud_1708348707_965517000,1708348707.965517,56.1099,12.4716,-4.57068,-0.0105223,0.00266582,0.94392,-0.329995
cloud_1708348709_164146000,1708348709.164146,55.2855,11.6219,-4.53806,-0.0903011,-0.0466796,0.942501,-0.318369
cloud_1708348710_463248000,1708348710.463248,54.2339,11.1282,-4.40945,-0.0781485,-0.0132808,0.973709,-0.213559
cloud_1708348711_762002000,1708348711.762002,53.0614,10.7572,-4.47113,-0.0621128,-0.0183705,0.980808,-0.183903
cloud_1708348712_961104000,1708348712.961104,51.9266,10.3796,-4.5088,-0.0439698,-0.0035163,0.96228,-0.26846
cloud_1708348713_959924000,1708348713.959924,50.973,9.92661,-4.43658,-0.0816919,-0.00477251,0.961366,-0.262831
cloud_1708348715_159428000,1708348715.159428,49.9011,9.307,-4.47631,-0.0685722,-0.0110276,0.922897,-0.378732
cloud_1708348716_357745000,1708348716.357745,49.0461,8.70201,-4.51557,-0.0331276,-0.0104437,0.907696,-0.418187
cloud_1708348717_356524000,1708348717.356524,48.3364,7.99263,-4.47192,-0.0868738,-0.0325804,0.913788,-0.395452
cloud_1708348718_555424000,1708348718.555424,47.4269,7.27065,-4.50888,-0.0372786,-0.0107911,0.931612,-0.361377
cloud_1708348719_754204000,1708348719.754204,46.4519,6.7441,-4.44263,-0.081613,0.0153106,0.970481,-0.226434
cloud_1708348720_953515000,1708348720.953515,45.2199,6.44798,-4.34256,-0.123166,-0.00752564,0.975776,-0.18065
cloud_1708348722_152537000,1708348722.152537,44.1123,6.28404,-4.24528,-0.0951475,0.00447885,0.989473,-0.108953
cloud_1708348723_451513000,1708348723.451513,42.8948,6.09956,-4.16483,-0.103705,0.015543,0.981773,-0.158512
cloud_1708348724_650455000,1708348724.650455,41.8899,5.61883,-4.19151,-0.134397,-0.0338034,0.976165,-0.167023
cloud_1708348725_949116000,1708348725.949116,40.8876,5.24365,-3.99397,-0.145601,-0.0227591,0.979849,-0.13483
cloud_1708348727_248364000,1708348727.248364,39.8913,5.20388,-3.87559,-0.0783369,-0.00333266,0.991091,-0.107663
cloud_1708348728_447266000,1708348728.447266,38.8012,5.10028,-3.81066,-0.112084,0.00600915,0.979542,-0.167026
cloud_1708348729_646000000,1708348729.646,37.7558,4.81818,-3.74471,-0.0907442,0.00273362,0.967785,-0.234839
cloud_1708348730_845130000,1708348730.84513,36.7654,4.23144,-3.66713,-0.0749132,-0.0310023,0.92955,-0.359673
cloud_1708348732_043672000,1708348732.043672,35.9865,3.50549,-3.65717,-0.0714588,-0.0311175,0.909166,-0.409074
cloud_1708348733_242745000,1708348733.242745,35.2671,2.69501,-3.57852,-0.0946746,-0.00976937,0.915538,-0.390808
cloud_1708348734_441584000,1708348734.441584,34.2969,2.17739,-3.50911,-0.126913,-0.0198651,0.94206,-0.309872
cloud_1708348735_939846000,1708348735.939846,33.4432,1.58492,-3.42683,-0.0435561,-0.0079193,0.941927,-0.332886
cloud_1708348737_438659000,1708348737.438659,32.4684,0.85118,-3.26992,-0.122439,0.0057293,0.938936,-0.321521
cloud_1708348738_737298000,1708348738.737298,31.6146,0.272166,-3.15345,-0.0935624,-0.0141647,0.959017,-0.267079
cloud_1708348740_236144000,1708348740.236144,30.5137,-0.363416,-3.07187,-0.0650459,-0.0130964,0.920713,-0.384558
cloud_1708348741_435334000,1708348741.435334,29.8336,-1.21473,-3.03364,0.0937353,0.0446149,-0.849279,0.517638
cloud_1708348742_933489000,1708348742.933489,29.2861,-2.15701,-2.963,-0.0662096,-0.0212694,0.886608,-0.457264
cloud_1708348744_432191000,1708348744.432191,28.3887,-3.00283,-2.88117,-0.0924627,-0.0310573,0.898083,-0.428874
cloud_1708348745_631356000,1708348745.631356,27.6221,-3.71287,-2.8193,-0.08096,-0.0247945,0.894419,-0.439141
cloud_1708348746_830429000,1708348746.830429,26.9005,-4.48498,-2.7258,-0.106525,-0.0412019,0.894115,-0.433029
cloud_1708348748_029409000,1708348748.029409,26.2067,-5.20328,-2.67129,-0.115722,-0.0231763,0.943485,-0.309689
cloud_1708348749_328132000,1708348749.328132,25.2264,-5.74666,-2.59171,-0.126249,0.0053018,0.976351,-0.175422
cloud_1708348750_826822000,1708348750.826822,24.0004,-5.93808,-2.51503,-0.0836875,0.0245713,0.994615,-0.0559762
cloud_1708348752_025968000,1708348752.025968,22.9392,-5.99379,-2.4197,-0.0563917,0.015253,0.996457,-0.0604975
cloud_1708348753_324679000,1708348753.324679,21.7105,-6.19688,-2.35317,-0.0952425,0.00486165,0.984165,-0.149413
cloud_1708348754_523627000,1708348754.523627,20.6375,-6.47192,-2.30228,-0.0814065,0.016357,0.996183,-0.0269278
cloud_1708348755_722544000,1708348755.722544,19.5588,-6.48442,-2.21584,-0.0817187,0.00551169,0.99662,0.00636233
cloud_1708348756_721638000,1708348756.721638,18.5155,-6.38856,-2.12763,-0.111192,0.0263635,0.993372,-0.0123979
cloud_1708348757_920722000,1708348757.920722,17.3889,-6.26814,-2.00855,-0.09922,0.0369334,0.994337,0.0092572
cloud_1708348759_219351000,1708348759.219351,16.1344,-6.22687,-1.92784,-0.10365,0.0387386,0.993859,-0.000181186
cloud_1708348760_418265000,1708348760.418265,15.0805,-6.23533,-1.81598,-0.116727,0.0297644,0.991993,-0.0379429
cloud_1708348761_917086000,1708348761.917086,13.8919,-6.1454,-1.68967,-0.106406,0.0411682,0.9912,0.0671179
cloud_1708348763_415198000,1708348763.415198,12.6557,-5.8896,-1.62137,-0.113257,0.0191966,0.98801,0.103157
cloud_1708348764_913910000,1708348764.91391,11.5509,-5.6132,-1.47184,-0.0908539,0.0326692,0.995324,0.0028286
cloud_1708348766_110895000,1708348766.110895,10.3455,-5.71254,-1.45714,-0.0988433,0.029098,0.992716,-0.0624424
cloud_1708348767_309968000,1708348767.309968,9.21745,-5.76962,-1.3544,-0.136193,0.020262,0.990019,0.0300421
cloud_1708348768_808915000,1708348768.808915,8.07577,-5.45232,-1.22478,-0.0666048,0.00550664,0.987661,0.141629
cloud_1708348770_008008000,1708348770.008008,7.04707,-4.92659,-1.13181,-0.0987218,0.0260764,0.983184,0.151407
cloud_1708348771_507041000,1708348771.507041,5.88894,-4.6381,-1.00694,-0.0714389,0.00137099,0.997138,0.0247185
cloud_1708348772_706186000,1708348772.706186,4.84376,-4.35002,-0.835364,-0.119093,0.0308874,0.986454,0.1085
cloud_1708348774_304928000,1708348774.304928,3.76923,-3.98509,-0.675142,-0.0826732,0.0201395,0.994198,0.0658033
cloud_1708348775_803381000,1708348775.803381,2.67572,-3.82145,-0.559116,-0.0816205,-0.00612641,0.996421,0.0211073
cloud_1708348777_302181000,1708348777.302181,1.56703,-3.59519,-0.473827,-0.0691359,0.0260793,0.983652,0.16422
cloud_1708348778_800860000,1708348778.80086,0.89437,-2.79017,-0.382194,-0.0890099,0.0464149,0.928518,0.357459
cloud_1708348780_300024000,1708348780.300024,0.080888,-2.14397,-0.217049,-0.0991154,-0.0095198,0.994876,-0.0175274
cloud_1708348782_098410000,1708348782.09841,-0.919983,-2.40749,-0.13447,-0.0419856,-0.0182386,0.936146,-0.348618
cloud_1708348783_596348000,1708348783.596348,-1.50982,-3.3116,-0.139711,0.0667661,0.033556,-0.739247,0.669276
cloud_1708348785_394178000,1708348785.394178,-1.70552,-4.48394,-0.253685,0.0507738,0.0502699,-0.678919,0.730729
cloud_1708348786_893465000,1708348786.893465,-1.663,-5.49215,-0.370185,0.0594201,0.052998,-0.589259,0.804011
cloud_1708348788_391303000,1708348788.391303,-1.57902,-6.52182,-0.528764,0.00876446,0.0371244,-0.624745,0.779897
cloud_1708348789_590619000,1708348789.590619,-1.68993,-7.54029,-0.654353,0.0669272,0.030512,-0.644325,0.761206
cloud_1708348790_789800000,1708348790.7898,-1.73154,-8.57055,-0.741127,0.0542314,0.0143107,-0.674582,0.736066
cloud_1708348791_988288000,1708348791.988288,-1.7858,-9.59376,-0.836675,0.0448534,0.019513,-0.68224,0.72949
cloud_1708348793_486480000,1708348793.48648,-1.52052,-10.7913,-0.927234,0.0346416,0.0656344,-0.602399,0.794737
cloud_1708348794_984840000,1708348794.98484,-1.1152,-11.8159,-1.02629,0.03856,0.0646137,-0.476342,0.876034
cloud_1708348796_483069000,1708348796.483069,-0.469586,-12.618,-1.15112,0.0235509,0.0279281,-0.115671,0.992616
cloud_1708348797_981845000,1708348797.981845,0.630946,-12.9413,-1.20797,0.0125867,0.0407691,0.058531,0.997373
cloud_1708348799_480687000,1708348799.480687,1.76216,-13.0114,-1.32399,0.0113518,0.00637217,0.140788,0.989954
cloud_1708348800_679617000,1708348800.679617,2.75353,-12.7265,-1.35893,-0.0022527,0.0413882,0.133445,0.990189
cloud_1708348801_878170000,1708348801.87817,3.72758,-12.3061,-1.32586,0.0194269,0.0786115,0.103351,0.991343
cloud_1708348803_076992000,1708348803.076992,4.73202,-12.1343,-1.44008,0.00316727,0.0401366,0.0265838,0.998835
cloud_1708348804_276064000,1708348804.276064,5.82433,-12.0109,-1.41546,0.0123791,0.0663121,0.0724716,0.995087
cloud_1708348805_474972000,1708348805.474972,6.87075,-11.8172,-1.48236,0.0241982,0.049438,0.0950772,0.993947
cloud_1708348806_673855000,1708348806.673855,7.88783,-11.6911,-1.58083,0.0165872,0.0393764,0.0918197,0.994859
cloud_1708348807_872652000,1708348807.872652,9.03613,-11.5666,-1.6249,0.019056,0.0633929,0.0868876,0.994016
cloud_1708348809_071572000,1708348809.071572,10.1684,-11.3094,-1.6617,0.0269375,0.054848,0.0598616,0.996335
cloud_1708348810_270655000,1708348810.270655,11.3538,-11.0878,-1.72361,0.0307168,0.0748967,0.140492,0.986767
cloud_1708348811_469117000,1708348811.469117,12.4056,-10.9756,-1.75733,0.0238768,0.0846797,0.0593679,0.994351
cloud_1708348812_968301000,1708348812.968301,13.588,-10.7106,-1.85434,0.0136266,0.0395606,0.201475,0.9786
cloud_1708348814_167058000,1708348814.167058,14.5879,-10.2378,-1.8658,0.00897938,0.0712662,0.215308,0.973901
cloud_1708348815_665517000,1708348815.665517,15.7669,-9.83621,-1.95708,0.0179408,0.0453702,0.128905,0.990456
cloud_1708348817_163645000,1708348817.163645,16.9614,-9.56135,-2.04217,0.0186995,0.011775,0.0841567,0.996207
cloud_1708348818_361716000,1708348818.361716,18.0178,-9.45004,-2.08727,0.00345119,0.0641088,0.0238646,0.997652
cloud_1708348819_561181000,1708348819.561181,19.0521,-9.34861,-2.17363,0.00671036,0.0395872,0.193574,0.980264
cloud_1708348820_759317000,1708348820.759317,20.1516,-9.09445,-2.28804,0.0139504,0.0576972,0.0845229,0.994652
cloud_1708348821_957857000,1708348821.957857,21.1816,-9.02863,-2.42273,0.0254341,0.0368724,-0.0238138,0.998712
cloud_1708348823_256391000,1708348823.256391,22.3759,-9.33097,-2.53025,0.0153769,0.0330843,-0.0862088,0.995609
cloud_1708348824_455649000,1708348824.455649,23.4556,-9.57165,-2.58727,0.0131724,0.0525148,0.023965,0.998246
cloud_1708348825_654471000,1708348825.654471,24.5727,-9.5434,-2.67754,0.0169758,0.0446809,0.111332,0.992633
cloud_1708348826_853336000,1708348826.853336,25.5928,-9.38347,-2.80204,0.00268444,0.00533228,0.131611,0.991283
cloud_1708348828_052627000,1708348828.052627,26.7009,-9.17011,-2.80363,0.00839427,0.0697078,0.137471,0.988014
cloud_1708348829_251803000,1708348829.251803,27.8038,-8.95785,-2.88997,0.0215267,0.0587527,0.215739,0.974444
cloud_1708348830_450564000,1708348830.450564,28.8321,-8.68411,-2.94065,0.00620686,0.0525413,0.252203,0.966227
cloud_1708348831_649429000,1708348831.649429,29.7207,-8.2126,-3.09198,0.0150682,0.0167873,0.342497,0.939248
cloud_1708348832_848237000,1708348832.848237,30.6597,-7.5883,-3.12231,0.018609,0.0572988,0.238685,0.969226
cloud_1708348834_047173000,1708348834.047173,31.7261,-7.15847,-3.208,0.0188742,0.0858809,0.124457,0.988321
cloud_1708348835_245974000,1708348835.245974,32.6979,-6.77395,-3.32409,-0.00195224,0.0340628,0.242827,0.969469
cloud_1708348836_445081000,1708348836.445081,33.7827,-6.34986,-3.41051,0.0157231,0.0716386,0.237263,0.968673
cloud_1708348837_643973000,1708348837.643973,34.769,-5.88564,-3.43879,0.0171017,0.0627434,0.211868,0.975132
cloud_1708348838_842475000,1708348838.842475,35.8154,-5.31096,-3.56792,-0.00254065,0.062526,0.223401,0.972716
cloud_1708348840_041704000,1708348840.041704,36.7447,-4.87224,-3.64539,0.0159748,0.0641724,0.252074,0.965446
cloud_1708348841_240584000,1708348841.240584,37.6876,-4.52088,-3.80465,0.021498,0.0163208,0.199657,0.979494
cloud_1708348842_438273000,1708348842.438273,38.6146,-4.05592,-3.81401,0.00279412,0.053009,0.294169,0.954278
cloud_1708348843_636725000,1708348843.636725,39.5695,-3.45431,-3.89915,-0.00180723,0.0571138,0.323345,0.944554
cloud_1708348844_835579000,1708348844.835579,40.379,-2.78035,-3.97065,-0.022039,0.0718055,0.372665,0.924921
cloud_1708348846_334535000,1708348846.334535,41.2823,-1.8879,-4.03813,0.0117485,0.0487358,0.30803,0.950055
cloud_1708348847_533011000,1708348847.533011,42.2141,-1.22931,-4.19265,0.0125488,0.0275313,0.303423,0.952376
cloud_1708348849_031405000,1708348849.031405,43.3125,-0.647224,-4.31267,0.00779836,0.0398628,0.130656,0.990595
cloud_1708348850_229922000,1708348850.229922,44.3968,-0.327934,-4.353,0.0239083,0.0560696,0.183175,0.981189
cloud_1708348851_428921000,1708348851.428921,45.5492,-0.0271457,-4.55532,0.0194282,0.042017,0.16182,0.985734
cloud_1708348852_627948000,1708348852.627948,46.6954,0.27116,-4.61774,0.0208016,0.0398972,0.142057,0.988835
cloud_1708348853_826963000,1708348853.826963,47.78,0.577251,-4.73203,0.0207591,0.0320727,0.212173,0.976485
cloud_1708348855_025791000,1708348855.025791,48.9057,0.932578,-4.84511,0.0216263,0.0289832,0.126739,0.991277
cloud_1708348856_224952000,1708348856.224952,50.0432,1.19027,-4.91312,0.00530189,0.0650146,0.159573,0.985029
cloud_1708348857_423533000,1708348857.423533,51.1833,1.54774,-5.03612,-0.00220831,0.0472078,0.136926,0.989453
cloud_1708348858_622255000,1708348858.622255,52.2439,1.89031,-5.10541,-0.0194748,0.0364444,0.287304,0.956948
cloud_1708348859_821482000,1708348859.821482,53.1988,2.67922,-5.08389,-0.0297699,0.125834,0.473764,0.871107
cloud_1708348861_020449000,1708348861.020449,53.7634,3.72931,-4.97889,-0.0219642,0.108428,0.542316,0.832859
cloud_1708348862_018858000,1708348862.018858,54.1646,4.64816,-5.00044,-0.0287776,0.0735889,0.516688,0.85252
cloud_1708348863_217482000,1708348863.217482,54.7324,5.68973,-4.95071,-0.0244347,0.0728378,0.475288,0.87647
cloud_1708348864_216791000,1708348864.216791,55.2819,6.6606,-4.93415,-0.0228544,0.0664019,0.501266,0.862439
cloud_1708348865_415818000,1708348865.415818,55.8442,7.65854,-4.86121,-0.0164394,0.0738286,0.497604,0.8641
cloud_1708348866_614304000,1708348866.614304,56.4827,8.70282,-4.78166,-0.0192593,0.0764758,0.415502,0.906167
cloud_1708348867_812808000,1708348867.812808,57.4116,9.49423,-4.76164,-0.0214856,0.0935489,0.336241,0.936872
cloud_1708348869_012094000,1708348869.012094,58.3256,10.0242,-4.80627,-0.00916276,0.0459694,0.335193,0.940983
cloud_1708348870_211184000,1708348870.211184,59.2134,10.7253,-4.80736,-0.025928,0.0531846,0.353677,0.933494
cloud_1708348871_509919000,1708348871.509919,60.0824,11.4288,-4.71834,-0.000617147,0.0448669,0.319014,0.946687
cloud_1708348872_708697000,1708348872.708697,61.0834,12.0192,-4.78833,-0.0156462,0.052555,0.284138,0.957214
cloud_1708348873_907709000,1708348873.907709,62.0001,12.5432,-4.74959,0.00102217,0.0816918,0.265973,0.960512
cloud_1708348875_207004000,1708348875.207004,63.0409,13.0698,-4.81222,0.0193716,0.0482684,0.171422,0.983824
cloud_1708348876_405616000,1708348876.405616,64.0697,13.2937,-4.9344,0.0340963,0.0243255,0.0562151,0.99754
cloud_1708348877_704385000,1708348877.704385,65.2482,13.381,-4.99291,0.0243588,0.0558195,-0.0834413,0.99465
cloud_1708348879_303440000,1708348879.30344,66.4772,13.0798,-5.10486,0.0397342,0.00914131,-0.2787,0.959512
cloud_1708348880_901285000,1708348880.901285,67.2554,12.4173,-5.1912,0.0345098,0.0208504,-0.571723,0.819455
cloud_1708348882_499938000,1708348882.499938,67.7165,11.3354,-5.27125,0.0412073,0.0184969,-0.714165,0.698519
cloud_1708348883_898922000,1708348883.898922,67.7056,10.0348,-5.34223,0.0466761,0.000977154,-0.818862,0.572088
cloud_1708348885_597530000,1708348885.59753,67.017,9.11802,-5.26778,-0.075869,-0.0152522,0.927769,-0.365042
cloud_1708348886_895872000,1708348886.895872,66.2489,8.47932,-5.35582,-0.0296114,0.0158202,0.956242,-0.290644
cloud_1708348888_694077000,1708348888.694077,65.3257,8.06137,-5.27615,-0.0218801,0.0072637,0.999157,-0.0339645
cloud_1708348890_392345000,1708348890.392345,64.2541,8.25233,-5.22701,-0.0749569,-0.00194348,0.991132,-0.109708
cloud_1708348892_490605000,1708348892.490605,63.5167,9.02588,-5.10642,-0.0703511,0.0489494,0.885225,0.457199
cloud_1708348893_888985000,1708348893.888985,62.9943,10.0376,-5.03587,-0.045247,0.0300363,0.864436,0.499802
cloud_1708348895_187925000,1708348895.187925,62.5021,11.0169,-4.90496,-0.0715206,0.0554381,0.82915,0.551653
cloud_1708348896_286956000,1708348896.286956,62.2021,11.984,-4.82664,-0.0547634,0.0468219,0.853134,0.516692
cloud_1708348897_686320000,1708348897.68632,61.8291,13.2102,-4.74774,-0.0280535,0.0426019,0.845712,0.531197
cloud_1708348898_984741000,1708348898.984741,61.2951,14.3349,-4.68223,-0.0605061,0.0438105,0.865093,0.496018
cloud_1708348900_283507000,1708348900.283507,60.7943,15.3287,-4.5579,-0.0566625,0.0454133,0.863121,0.49975
cloud_1708348901_782547000,1708348901.782547,60.2406,16.3898,-4.46581,-0.0347313,0.0325569,0.868233,0.493868
cloud_1708348903_081480000,1708348903.08148,59.7644,17.349,-4.38954,-0.0454139,0.0451359,0.887688,0.455973
cloud_1708348904_280154000,1708348904.280154,59.2593,18.2061,-4.27636,-0.0611882,0.0452736,0.891764,0.446053
cloud_1708348905_878750000,1708348905.87875,58.5952,19.1419,-4.14622,-0.0450427,0.0385713,0.922354,0.381767
cloud_1708348907_077790000,1708348907.07779,57.8705,19.8964,-4.13893,-0.0625749,0.0404682,0.927247,0.36696
cloud_1708348908_276689000,1708348908.276689,57.0961,20.6674,-4.05479,-0.0717466,0.0228512,0.922209,0.379291
cloud_1708348909_575824000,1708348909.575824,56.2726,21.5485,-3.99174,-0.0459317,0.0314445,0.938605,0.340472
cloud_1708348910_774587000,1708348910.774587,55.4286,22.2705,-3.88374,-0.0759575,0.036388,0.934134,0.346844
cloud_1708348911_973814000,1708348911.973814,54.4785,22.9566,-3.81961,-0.0467886,0.032889,0.954659,0.292155
cloud_1708348913_072461000,1708348913.072461,53.5536,23.6188,-3.76043,-0.0771049,0.0421026,0.914738,0.394382
cloud_1708348914_371530000,1708348914.37153,52.9643,24.5347,-3.63503,-0.0635669,0.0406425,0.857047,0.509684
cloud_1708348915_870476000,1708348915.870476,52.6257,25.5613,-3.57055,-0.0480677,0.0407193,0.767326,0.638155
cloud_1708348917_368837000,1708348917.368837,52.7192,26.7501,-3.54765,0.00943037,0.0480647,0.543797,0.837786
cloud_1708348918_967105000,1708348918.967105,53.5199,27.6307,-3.53993,0.0352652,0.0168221,-0.00625982,0.999217
cloud_1708348920_465906000,1708348920.465906,54.4835,27.3132,-3.62371,0.0343815,0.0286185,-0.377449,0.924949
cloud_1708348921_665285000,1708348921.665285,55.1361,26.5455,-3.63324,0.0354703,0.00359861,-0.432834,0.900768
cloud_1708348922_963740000,1708348922.96374,55.6566,25.6176,-3.72145,0.032577,0.012669,-0.541763,0.839804
cloud_1708348924_162645000,1708348924.162645,56.0139,24.5938,-3.79674,0.0562112,0.0319728,-0.55692,0.828045
cloud_1708348925_361226000,1708348925.361226,56.4956,23.4993,-3.86403,0.0619105,0.0253686,-0.559426,0.826175
cloud_1708348926_559875000,1708348926.559875,57.0007,22.3871,-3.97298,0.0546118,0.0357261,-0.507504,0.859175
cloud_1708348927_758893000,1708348927.758893,57.6107,21.4579,-4.0614,0.0308799,0.0136453,-0.515182,0.856416
cloud_1708348928_957218000,1708348928.957218,57.993,20.4859,-4.06831,0.045494,0.0410912,-0.524809,0.849009
cloud_1708348930_355824000,1708348930.355824,58.5107,19.2228,-4.17103,0.0524356,0.0349065,-0.5237,0.84957
cloud_1708348931_554904000,1708348931.554904,58.8838,18.2486,-4.29991,0.0175656,-0.0173631,-0.578501,0.815307
cloud_1708348932_653525000,1708348932.653525,59.2254,17.2569,-4.33857,0.045349,0.0302945,-0.538213,0.841043
cloud_1708348933_951514000,1708348933.951514,59.6043,16.0659,-4.47522,0.0360841,0.0203802,-0.608585,0.792406
cloud_1708348934_950599000,1708348934.950599,59.801,15.0778,-4.56486,0.0228643,0.0382737,-0.576247,0.816059
cloud_1708348936_149762000,1708348936.149762,60.1966,13.9568,-4.6348,0.0530424,0.0344998,-0.529445,0.845981
cloud_1708348937_448481000,1708348937.448481,60.7045,12.8341,-4.6827,0.0500129,0.0399758,-0.501954,0.862521
cloud_1708348938_446646000,1708348938.446646,61.3034,11.9616,-4.80045,0.0315835,0.0261463,-0.430984,0.901427
cloud_1708348939_444626000,1708348939.444626,62.0251,11.1408,-4.85557,0.0375469,0.0379078,-0.443834,0.894519
cloud_1708348940_742318000,1708348940.742318,62.8462,10.2248,-4.97319,0.0176456,0.0373117,-0.449357,0.892398
cloud_1708348942_141268000,1708348942.141268,63.4478,9.16257,-5.09415,0.0444707,0.0555642,-0.477193,0.875912
cloud_1708348943_740507000,1708348943.740507,63.9977,8.10971,-5.22446,0.00806556,0.0252438,-0.390862,0.920068
cloud_1708348945_137365000,1708348945.137365,64.7373,7.22934,-5.34964,0.0126018,0.0323166,-0.38428,0.922565
cloud_1708348946_835523000,1708348946.835523,65.7256,6.77935,-5.34136,0.0129205,0.114991,0.0692508,0.990865
cloud_1708348948_334273000,1708348948.334273,66.8949,7.26254,-5.44199,-0.00741256,0.0535855,0.165207,0.984774
cloud_1708348949_732661000,1708348949.732661,68.1108,7.28797,-5.4928,0.041213,0.0700331,-0.266548,0.96039
cloud_1708348951_231323000,1708348951.231323,68.9766,6.35347,-5.52605,0.0564662,0.0469479,-0.528187,0.845947
cloud_1708348952_530350000,1708348952.53035,69.4983,5.29549,-5.57214,0.0424549,0.0443435,-0.577214,0.814282
cloud_1708348953_629435000,1708348953.629435,69.7429,4.32569,-5.67997,0.0472423,0.0188285,-0.619743,0.783155
cloud_1708348955_027789000,1708348955.027789,69.907,3.05074,-5.70889,0.0646515,0.0436748,-0.687409,0.722067
cloud_1708348956_325964000,1708348956.325964,69.9167,2.02491,-5.72659,0.0286135,0.0522942,-0.808943,0.584857
cloud_1708348958_024439000,1708348958.024439,69.2327,0.857231,-5.7563,-0.129923,-0.0324934,0.890263,-0.435311
cloud_1708348960_422196000,1708348960.422196,68.2265,0.212782,-5.80389,-0.0433971,-0.0133988,0.988093,-0.146999
cloud_1708348961_821118000,1708348961.821118,67.1534,0.142674,-5.8203,-0.0575064,0.00718389,0.997861,0.0302323
cloud_1708348963_618995000,1708348963.618995,65.9504,0.28818,-5.77897,-0.063412,0.0183379,0.996994,0.0405743
cloud_1708348965_317868000,1708348965.317868,64.8874,0.751806,-5.67263,-0.0691728,0.0414701,0.988026,0.131528
cloud_1708348966_716552000,1708348966.716552,63.7516,1.2289,-5.61853,-0.0600789,0.0196446,0.994528,0.0831728
cloud_1708348967_815586000,1708348967.815586,62.731,1.44597,-5.58971,-0.074195,0.00616754,0.996755,0.0306048
cloud_1708348969_213683000,1708348969.213683,61.4735,1.48263,-5.5272,-0.0773706,-0.0293756,0.984343,-0.155627
cloud_1708348970_512304000,1708348970.512304,60.3802,1.10159,-5.47393,-0.0607118,-0.0121539,0.972325,-0.225278
cloud_1708348971_811131000,1708348971.811131,59.2852,0.585548,-5.51704,-0.0476907,0.0054969,0.975837,-0.21316
cloud_1708348973_110092000,1708348973.110092,58.0387,0.110165,-5.5343,-0.0461876,0.0147895,0.986562,-0.156022
cloud_1708348974_408964000,1708348974.408964,56.7244,-0.0836882,-5.47885,-0.0574234,0.0115182,0.985337,-0.160253
cloud_1708348975_707249000,1708348975.707249,55.4834,-0.262062,-5.40798,-0.0715969,0.0218594,0.993697,-0.0834439
cloud_1708348977_006684000,1708348977.006684,54.3512,-0.244187,-5.35029,-0.0858127,0.0312856,0.994276,-0.0554348
cloud_1708348978_304504000,1708348978.304504,53.3366,-0.144029,-5.20623,-0.109053,0.00611246,0.994014,0.00264425
cloud_1708348980_003239000,1708348980.003239,52.1473,-0.190078,-5.10979,-0.0684437,0.0119541,0.968337,-0.239782
cloud_1708348981_301370000,1708348981.30137,51.1911,-0.681018,-5.07157,-0.0697641,-0.00164827,0.960643,-0.268879
cloud_1708348982_900402000,1708348982.900402,50.2862,-1.40292,-5.02265,-0.0515643,0.00281,0.924468,-0.377747
cloud_1708348984_199012000,1708348984.199012,49.5251,-2.10558,-4.93606,-0.061863,-0.0160083,0.933779,-0.352098
cloud_1708348985_597545000,1708348985.597545,48.5625,-2.7375,-4.82299,-0.0804093,-0.00321687,0.944333,-0.318998
cloud_1708348986_896365000,1708348986.896365,47.7364,-3.4513,-4.7792,-0.0620169,-0.00465498,0.92158,-0.383175
cloud_1708348988_195524000,1708348988.195524,46.9457,-4.21668,-4.67128,-0.0705682,-0.0079925,0.917036,-0.39243
cloud_1708348989_394404000,1708348989.394404,46.2437,-4.94542,-4.58339,-0.0910724,-0.0207796,0.908715,-0.40683
cloud_1708348990_893429000,1708348990.893429,45.4905,-5.7907,-4.49523,-0.0863461,0.00297281,0.878442,-0.469973
cloud_1708348992_191702000,1708348992.191702,44.9873,-6.73518,-4.45828,-0.0624139,-0.0170786,0.889129,-0.45306
cloud_1708348993_589632000,1708348993.589632,44.2203,-7.60709,-4.44523,-0.0860209,-0.028085,0.941832,-0.323671
cloud_1708348995_087714000,1708348995.087714,43.1784,-8.03445,-4.3427,-0.0863584,-0.0144807,0.990544,-0.105614
cloud_1708348996_587094000,1708348996.587094,42.0638,-8.10571,-4.21866,-0.0419406,-0.0163354,0.991743,-0.120086
cloud_1708348998_085673000,1708348998.085673,41.0006,-8.41429,-4.08753,-0.0580743,-0.0329342,0.98305,-0.170751
cloud_1708349000_183544000,1708349000.183544,39.9963,-8.8063,-3.99671,0.0397838,-0.01263,0.983816,-0.174252
cloud_1708349001_781558000,1708349001.781558,38.7623,-8.99819,-3.91607,-0.0512072,0.00231701,0.98702,-0.152198
cloud_1708349003_379804000,1708349003.379804,37.6676,-9.36815,-3.78523,-0.0933333,-0.0531266,0.978355,-0.176883
cloud_1708349004_878497000,1708349004.878497,36.5005,-9.57449,-3.7118,-0.0816191,0.00958847,0.980965,-0.175939
cloud_1708349006_377090000,1708349006.37709,35.3546,-9.94486,-3.5691,-0.101626,-0.0150356,0.967912,-0.22933
cloud_1708349007_875525000,1708349007.875525,34.2898,-10.4319,-3.49121,-0.0769345,-0.0299476,0.948984,-0.304324
cloud_1708349009_074124000,1708349009.074124,33.3668,-11.0751,-3.43852,-0.0771752,-0.0140774,0.953549,-0.290842
cloud_1708349010_273054000,1708349010.273054,32.4854,-11.8902,-3.37931,-0.076781,-0.0139789,0.943965,-0.320687
cloud_1708349011_472031000,1708349011.472031,31.5857,-12.6533,-3.34523,-0.0372665,-0.0450333,0.968808,-0.240819
cloud_1708349012_370922000,1708349012.370922,30.7705,-13.2355,-3.34321,-0.0705079,-0.0425755,0.959024,-0.271089
cloud_1708349013_569764000,1708349013.569764,29.8096,-13.9637,-3.32355,-0.0596226,0.00523249,0.954574,-0.2919
cloud_1708349014_768600000,1708349014.7686,28.8646,-14.549,-3.29236,-0.0894666,0.00363563,0.961368,-0.260296
cloud_1708349015_967691000,1708349015.967691,27.769,-14.9546,-3.20942,-0.10461,0.00166905,0.97377,-0.202053
cloud_1708349017_166628000,1708349017.166628,26.704,-15.4055,-3.15519,-0.0677919,-0.00662133,0.968303,-0.240312
cloud_1708349018_365425000,1708349018.365425,25.6164,-15.9965,-3.17162,-0.0600735,-0.00494879,0.970703,-0.232598
cloud_1708349019_364348000,1708349019.364348,24.6281,-16.4482,-3.16401,-0.0835585,-0.0105404,0.980775,-0.176032
cloud_1708349020_563035000,1708349020.563035,23.4912,-16.8099,-3.13787,-0.0601578,-0.0112072,0.986533,-0.151681
cloud_1708349021_762451000,1708349021.762451,22.1762,-16.8558,-3.13347,-0.0795011,0.00817394,0.994184,-0.0721896
cloud_1708349022_761643000,1708349022.761643,21.1778,-16.9877,-3.03015,-0.0884937,-0.0163554,0.989743,-0.110956
cloud_1708349024_060571000,1708349024.060571,19.9873,-17.3095,-2.96154,-0.0617016,-0.00272683,0.959462,-0.274988
cloud_1708349025_259458000,1708349025.259458,18.9777,-17.9552,-2.91686,-0.0591911,-0.030364,0.917316,-0.392563
cloud_1708349026_457992000,1708349026.457992,18.2926,-18.842,-2.8691,-0.0510241,-0.0561624,0.877572,-0.473402
cloud_1708349027_356961000,1708349027.356961,17.7729,-19.6954,-2.81173,0.10623,0.0334482,-0.846468,0.520662
cloud_1708349028_356392000,1708349028.356392,17.1546,-20.6132,-2.73173,-0.114445,-0.0433946,0.864364,-0.487745
cloud_1708349029_355264000,1708349029.355264,16.5673,-21.4718,-2.645,-0.0913201,-0.0500324,0.926877,-0.360634
cloud_1708349030_553908000,1708349030.553908,15.6996,-22.2059,-2.55546,-0.104187,-0.0488094,0.947498,-0.298345
cloud_1708349031_753122000,1708349031.753122,14.8206,-22.9383,-2.56142,-0.0542188,-0.00832815,0.926913,-0.371246
cloud_1708349032_952232000,1708349032.952232,13.8247,-23.6831,-2.50344,-0.0762249,-0.011622,0.958495,-0.274485
cloud_1708349033_851810000,1708349033.85181,12.9463,-24.1917,-2.53138,-0.0917568,-0.0312875,0.963341,-0.25015
cloud_1708349035_050482000,1708349035.050482,11.966,-24.7225,-2.51432,-0.0939864,-0.0292574,0.969742,-0.223408
cloud_1708349036_249276000,1708349036.249276,10.9584,-25.3703,-2.49334,-0.0737444,-0.0183038,0.982107,-0.172317
cloud_1708349037_448799000,1708349037.448799,9.84248,-25.9736,-2.54011,-0.0790626,-0.0208242,0.951102,-0.297859
cloud_1708349038_947383000,1708349038.947383,8.90677,-26.6225,-2.61145,-0.00242602,-0.00866519,0.953487,-0.301299
cloud_1708349040_445955000,1708349040.445955,8.01414,-27.234,-2.65058,-0.00560018,-0.0416637,0.87982,-0.473445
cloud_1708349043_143751000,1708349043.143751,7.6611,-28.2643,-2.68884,0.0194261,0.0872071,0.113076,0.989561
cloud_1708349044_942017000,1708349044.942017,7.60011,-27.2198,-2.57374,-0.0879722,0.0644048,0.736868,0.667187
cloud_1708349046_240790000,1708349046.24079,7.39782,-26.2457,-2.42177,-0.0828973,0.0500548,0.821427,0.562033
cloud_1708349047_539995000,1708349047.539995,6.82916,-25.1333,-2.36158,-0.0574388,0.0305568,0.862313,0.502179
cloud_1708349048_736975000,1708349048.736975,6.17365,-24.2361,-2.31264,-0.0573947,0.00333939,0.893343,0.445683
cloud_1708349049_936065000,1708349049.936065,5.4294,-23.3519,-2.17955,-0.0626811,0.039616,0.895213,0.439427
cloud_1708349051_234833000,1708349051.234833,4.79273,-22.3359,-2.09407,-0.0559473,0.0504816,0.867667,0.491401
cloud_1708349052_433597000,1708349052.433597,4.13618,-21.3327,-1.95025,-0.0801553,0.0437813,0.888618,0.449463
cloud_1708349053_632885000,1708349053.632885,3.45628,-20.3804,-1.84145,-0.0551475,0.0276142,0.907042,0.416498
cloud_1708349054_831679000,1708349054.831679,2.63674,-19.5152,-1.81158,-0.0865506,0.0373641,0.895162,0.435658
cloud_1708349056_029850000,1708349056.02985,1.94518,-18.7814,-1.66015,-0.0677994,0.0235851,0.880239,0.469069
cloud_1708349057_529016000,1708349057.529016,1.15111,-17.7767,-1.54879,-0.0850109,0.0354191,0.850678,0.517557
cloud_1708349058_727936000,1708349058.727936,0.71012,-16.7508,-1.48969,-0.0697738,0.0632418,0.843511,0.528793
cloud_1708349059_927122000,1708349059.927122,0.128492,-15.7315,-1.32197,-0.0901952,0.0480952,0.8685,0.485035
cloud_1708349061_125888000,1708349061.125888,-0.561101,-14.7549,-1.26161,-0.0675573,0.0558038,0.866074,0.492176
cloud_1708349062_323858000,1708349062.323858,-1.22262,-13.5476,-1.22837,-0.0895204,0.0667436,0.843378,0.525589
cloud_1708349063_521528000,1708349063.521528,-1.62077,-12.5109,-1.08255,-0.0740723,0.054502,0.745186,0.660485
cloud_1708349064_720736000,1708349064.720736,-1.58879,-11.2928,-0.931319,-0.0627186,0.0765758,0.677982,0.728384
cloud_1708349065_919627000,1708349065.919627,-1.463,-10.0793,-0.871646,-0.0367486,0.047982,0.656536,0.751869
cloud_1708349067_118634000,1708349067.118634,-1.31111,-8.98448,-0.749965,-0.0494425,0.0818081,0.583245,0.806652
cloud_1708349068_317082000,1708349068.317082,-0.840912,-7.99527,-0.696062,-0.0158416,0.0622495,0.34237,0.937367
cloud_1708349069_815949000,1708349069.815949,0.188965,-7.43755,-0.693087,0.00154497,0.0775431,-0.0185616,0.996815
cloud_1708349071_015140000,1708349071.01514,1.21866,-7.32113,-0.797319,0.031666,0.104791,-0.140149,0.98406
cloud_1708349072_513340000,1708349072.51334,2.1477,-7.73009,-0.854858,0.0388749,0.0993564,-0.453114,0.885045
cloud_1708349074_012139000,1708349074.012139,2.76598,-8.81686,-0.926263,0.0413273,0.0482541,-0.583208,0.809835
cloud_1708349075_211383000,1708349075.211383,3.17619,-9.87299,-1.05225,0.0620229,0.0543528,-0.624073,0.777002
cloud_1708349076_509968000,1708349076.509968,3.50874,-11.1541,-1.22933,0.0584874,0.0311702,-0.660228,0.748135
cloud_1708349077_709398000,1708349077.709398,3.72604,-12.3779,-1.37176,0.0271542,0.0383582,-0.612139,0.789352
cloud_1708349078_907938000,1708349078.907938,3.99619,-13.499,-1.49191,0.013341,0.0159875,-0.603853,0.796824
cloud_1708349080_107389000,1708349080.107389,4.31417,-14.6121,-1.57157,0.0536703,0.0678228,-0.576614,0.812426
cloud_1708349081_306295000,1708349081.306295,4.68219,-15.6425,-1.67458,0.0376393,0.0375018,-0.60736,0.792648
cloud_1708349082_504683000,1708349082.504683,4.83967,-16.7636,-1.74093,0.0450217,0.0323527,-0.661403,0.747979
cloud_1708349083_703884000,1708349083.703884,4.9914,-18.0403,-1.79636,0.0654529,0.0570375,-0.65275,0.752582
cloud_1708349084_902843000,1708349084.902843,5.17424,-19.1846,-1.90012,0.0807758,0.0508166,-0.690122,0.717373
cloud_1708349086_201755000,1708349086.201755,5.23033,-20.4172,-2.02168,0.0555947,0.0305468,-0.670976,0.73876
cloud_1708349087_400840000,1708349087.40084,5.46643,-21.6014,-2.02899,0.0535596,0.0663314,-0.601439,0.794357
cloud_1708349088_599488000,1708349088.599488,5.77906,-22.6974,-2.10679,0.0540134,0.0501924,-0.544664,0.835407
cloud_1708349089_797844000,1708349089.797844,6.0954,-23.7234,-2.33735,-0.00491332,-0.00562783,-0.571793,0.820364
cloud_1708349090_696360000,1708349090.69636,6.33418,-24.7378,-2.36221,0.0209762,0.0392821,-0.548754,0.834797
cloud_1708349091_895227000,1708349091.895227,6.55433,-25.8361,-2.42376,0.0328801,0.0470927,-0.511283,0.857491
cloud_1708349093_094393000,1708349093.094393,6.95828,-26.8499,-2.54823,0.0579509,0.0373088,-0.580554,0.811299
cloud_1708349094_293277000,1708349094.293277,7.26267,-28.0007,-2.67459,0.0352477,0.0416198,-0.575361,0.816079
cloud_1708349095_492064000,1708349095.492064,7.55805,-29.1555,-2.77219,0.046663,0.0666354,-0.56473,0.821256
cloud_1708349096_690359000,1708349096.690359,8.08627,-30.1417,-2.80371,0.0660297,0.0694292,-0.515665,0.851416
cloud_1708349097_888957000,1708349097.888957,8.52064,-31.1303,-2.90495,0.0644714,0.0451108,-0.578974,0.81154
cloud_1708349099_087465000,1708349099.087465,8.73555,-32.1681,-3.01936,0.0840747,0.0238746,-0.673524,0.73398
cloud_1708349100_286594000,1708349100.286594,8.84396,-33.2649,-3.06982,0.0427135,0.0200958,-0.791586,0.609232
cloud_1708349101_485748000,1708349101.485748,8.31191,-34.275,-3.07436,0.0754302,0.0095941,-0.849415,0.522219
cloud_1708349102_684345000,1708349102.684345,7.83464,-35.2662,-3.18744,0.0488202,0.00712464,-0.83852,0.542632
cloud_1708349103_983379000,1708349103.983379,7.21615,-36.3904,-3.35287,0.0352148,0.0161285,-0.806633,0.589783
cloud_1708349105_182291000,1708349105.182291,7.04705,-37.3896,-3.39039,0.02057,0.034212,-0.692432,0.720378
cloud_1708349106_379700000,1708349106.3797,7.12534,-38.4731,-3.48709,0.0226604,0.00154435,-0.624837,0.780424
cloud_1708349107_378803000,1708349107.378803,7.32582,-39.4791,-3.50047,0.0620377,0.0444602,-0.535118,0.841322
cloud_1708349108_877272000,1708349108.877272,7.86362,-40.6052,-3.58389,0.0169956,0.0317258,-0.350373,0.935919
cloud_1708349109_776381000,1708349109.776381,8.65335,-41.2434,-3.71327,0.0163162,0.0560332,-0.216994,0.974427
cloud_1708349111_275471000,1708349111.275471,9.71889,-41.7534,-3.77457,0.0235648,0.0319971,-0.0229236,0.998947
cloud_1708349112_473941000,1708349112.473941,10.8104,-41.8513,-3.88621,-0.00953339,0.0490217,-0.00616414,0.998733
cloud_1708349113_672909000,1708349113.672909,11.8983,-41.8034,-3.89739,0.0078305,0.0577242,0.0346787,0.997699
cloud_1708349114_872028000,1708349114.872028,13.0071,-41.6022,-4.03338,0.0201722,-0.00387891,0.0944459,0.995318
cloud_1708349116_070321000,1708349116.070321,14.1302,-41.3785,-4.08912,0.0223577,0.0678842,0.0901551,0.99336
cloud_1708349117_268539000,1708349117.268539,15.2171,-41.248,-4.08425,0.0168913,0.0839633,-0.0284702,0.995919
cloud_1708349118_467151000,1708349118.467151,16.2746,-41.4612,-4.20749,0.0343894,0.020705,-0.104026,0.993764
cloud_1708349119_665811000,1708349119.665811,17.4605,-41.7868,-4.23014,0.0212144,0.0756438,-0.0805795,0.993647
cloud_1708349120_864815000,1708349120.864815,18.4922,-41.9469,-4.24957,0.0123331,0.0651284,0.0325034,0.997271
cloud_1708349122_063058000,1708349122.063058,19.5494,-41.8236,-4.31583,0.00338067,0.0733011,0.165742,0.983435
cloud_1708349123_261710000,1708349123.26171,20.6502,-41.5797,-4.34397,0.0113212,0.0923605,0.102642,0.990357
cloud_1708349124_460689000,1708349124.460689,21.804,-41.3775,-4.2636,0.00760154,0.0748039,0.107616,0.991345
cloud_1708349125_658668000,1708349125.658668,22.9276,-41.1895,-4.30316,0.0108694,0.0558286,0.118405,0.991335
cloud_1708349127_157263000,1708349127.157263,24.0624,-41.121,-4.33115,-0.0164379,0.0376296,0.174777,0.983751
cloud_1708349128_656126000,1708349128.656126,25.1274,-40.9076,-4.18452,-0.0329002,0.104259,0.0925882,0.989684
cloud_1708349130_154779000,1708349130.154779,26.3051,-40.9312,-4.26377,-0.0258424,0.0661719,0.161541,0.984306
cloud_1708349131_654200000,1708349131.6542,27.4522,-40.591,-4.24507,-0.0440949,0.106704,0.366009,0.923422
cloud_1708349133_151816000,1708349133.151816,28.3002,-40.0261,-4.15693,-0.0467491,0.10782,0.51265,0.850517
cloud_1708349134_350845000,1708349134.350845,28.7809,-39.0542,-4.01641,-0.0123531,0.065502,0.721047,0.689673
cloud_1708349135_350018000,1708349135.350018,28.5782,-38.073,-3.90796,-0.0687869,0.13168,0.66219,0.734461
cloud_1708349136_649120000,1708349136.64912,28.6237,-36.9638,-3.8648,0.00111884,0.058565,0.603517,0.795195
cloud_1708349138_047687000,1708349138.047687,28.7253,-35.7586,-3.78115,-0.0195348,0.0608679,0.604254,0.794223
cloud_1708349139_546340000,1708349139.54634,28.9063,-34.5185,-3.74651,-0.0496814,0.0486722,0.690484,0.719997
cloud_1708349140_844866000,1708349140.844866,28.9438,-33.4224,-3.72598,-0.060729,0.0644249,0.7702,0.631627
cloud_1708349142_043609000,1708349142.043609,28.6702,-32.2246,-3.68039,-0.0500922,0.0496055,0.818057,0.5708
cloud_1708349143_042043000,1708349143.042043,28.4354,-31.2158,-3.65536,-0.0289486,0.0613334,0.773181,0.630548
cloud_1708349144_240829000,1708349144.240829,28.3677,-30.0292,-3.64147,-0.0319848,0.0539853,0.719841,0.691297
cloud_1708349145_539629000,1708349145.539629,28.2888,-28.7882,-3.65684,-0.0331579,0.0533023,0.743976,0.665251
cloud_1708349146_739027000,1708349146.739027,28.1189,-27.7356,-3.62955,-0.0342435,0.0562585,0.741347,0.667883
cloud_1708349148_037099000,1708349148.037099,27.8995,-26.6989,-3.56271,-0.0379064,0.0553715,0.719422,0.691324
cloud_1708349149_236156000,1708349149.236156,27.8707,-25.6694,-3.60032,-0.0241767,0.0477328,0.674396,0.736429
cloud_1708349150_532976000,1708349150.532976,28.1655,-24.4332,-3.64117,-0.035714,0.059023,0.576674,0.814056
cloud_1708349151_731582000,1708349151.731582,28.6739,-23.4165,-3.67696,-0.00591021,0.0677734,0.504894,0.860496
cloud_1708349152_930360000,1708349152.93036,29.4074,-22.5324,-3.73945,0.0190711,0.0658723,0.250432,0.965702
cloud_1708349154_228085000,1708349154.228085,30.4472,-22.0736,-3.73731,0.0138935,0.0631933,0.124467,0.990112
cloud_1708349155_427347000,1708349155.427347,31.5606,-21.8644,-3.78506,-0.00844627,0.0759344,0.162998,0.983664
cloud_1708349156_926379000,1708349156.926379,32.7029,-21.4593,-3.81179,0.00239939,0.0710324,0.242269,0.967602
cloud_1708349158_125150000,1708349158.12515,33.7748,-21.0945,-3.86336,0.0159727,0.0582838,0.153763,0.986258
cloud_1708349159_323889000,1708349159.323889,34.9165,-20.685,-3.86779,0.00644972,0.0872687,0.18277,0.979254
cloud_1708349160_521814000,1708349160.521814,36.1364,-20.2611,-3.90395,-0.00411208,0.0778853,0.170547,0.982258
cloud_1708349161_420876000,1708349161.420876,37.1198,-19.9677,-3.99629,0.01237,0.0657112,0.252384,0.965314
cloud_1708349162_619401000,1708349162.619401,38.2979,-19.5241,-4.04316,-0.00776942,0.0544679,0.1759,0.982869
cloud_1708349163_818443000,1708349163.818443,39.5147,-19.0812,-4.08853,0.00703248,0.0710305,0.303633,0.950112
cloud_1708349165_016120000,1708349165.01612,40.5725,-18.5288,-4.13225,0.00748364,0.0822639,0.257028,0.962867
cloud_1708349166_215447000,1708349166.215447,41.5148,-18.0504,-4.29607,0.0129123,0.014093,0.258967,0.965697
cloud_1708349167_414288000,1708349167.414288,42.6121,-17.471,-4.40749,0.00393954,0.0449132,0.285585,0.957292
cloud_1708349168_612935000,1708349168.612935,43.6808,-16.8994,-4.53815,0.00839428,0.0530511,0.269836,0.961407
cloud_1708349169_810897000,1708349169.810897,44.7199,-16.3076,-4.61564,0.00426062,0.0835624,0.186117,0.978958
cloud_1708349171_010080000,1708349171.01008,45.773,-15.953,-4.738,-0.00360012,0.0586407,0.124658,0.990459
cloud_1708349172_208937000,1708349172.208937,46.9142,-15.7675,-4.85385,-0.000708554,0.074073,0.174215,0.981917
cloud_1708349173_108466000,1708349173.108466,47.9032,-15.6516,-5.03192,0.00568601,0.045944,0.108247,0.993045
cloud_1708349174_007698000,1708349174.007698,49.0138,-15.5244,-5.16303,-0.0159573,0.100399,0.151544,0.983209
cloud_1708349175_205178000,1708349175.205178,50.0542,-15.1786,-5.31584,-0.00741822,0.0419321,0.352171,0.934967
cloud_1708349176_404132000,1708349176.404132,50.9539,-14.442,-5.28792,-0.0220892,0.0702185,0.354597,0.932117
cloud_1708349177_602490000,1708349177.60249,51.9421,-13.7258,-5.37793,-0.0326871,0.0655063,0.353031,0.932743
cloud_1708349178_901717000,1708349178.901717,52.7979,-13.0416,-5.44396,0.00452203,0.0302265,0.2758,0.960729
cloud_1708349180_100259000,1708349180.100259,53.7511,-12.5249,-5.53948,-0.00804224,0.0531835,0.139435,0.988769
cloud_1708349181_598966000,1708349181.598966,54.7937,-12.2234,-5.64785,-0.00725001,0.0410375,0.115598,0.992422
cloud_1708349182_796582000,1708349182.796582,55.8989,-11.9119,-5.70295,-0.0128092,0.0870497,0.0493021,0.994901
cloud_1708349184_295189000,1708349184.295189,57.0877,-11.8699,-5.76965,0.00349491,0.0651614,-0.048751,0.996677
cloud_1708349185_493869000,1708349185.493869,58.0391,-12.0949,-6.00274,-0.0300923,0.0303417,0.00566982,0.99907
cloud_1708349186_692951000,1708349186.692951,59.1988,-12.0872,-6.15879,-0.0124859,0.0796829,0.00493888,0.99673
cloud_1708349188_190537000,1708349188.190537,60.3019,-11.9935,-6.19599,0.00479401,0.0787486,0.0392919,0.996108
cloud_1708349189_689639000,1708349189.689639,61.3829,-11.884,-6.39444,0.0360281,0.0448713,0.192675,0.979574
cloud_1708349190_887232000,1708349190.887232,62.381,-11.5183,-6.43312,-0.00714848,0.0551354,0.167179,0.984358
cloud_1708349192_385456000,1708349192.385456,63.4059,-10.9697,-6.51383,0.0072923,0.0403805,0.291146,0.955798
cloud_1708349193_883840000,1708349193.88384,64.5154,-10.5329,-6.5418,-0.0027164,0.0758388,0.100161,0.992073
cloud_1708349195_083221000,1708349195.083221,65.7224,-10.3358,-6.66322,0.0326019,0.0909898,0.0730431,0.992634
cloud_1708349196_281479000,1708349196.281479,66.8235,-10.1672,-6.78049,0.00705605,0.052339,0.0618722,0.996686
cloud_1708349197_480199000,1708349197.480199,67.965,-10.0238,-6.82671,0.00670833,0.0553251,-0.0219152,0.998205
cloud_1708349198_679774000,1708349198.679774,69.092,-10.1113,-6.87536,-0.00980435,0.128756,0.042476,0.990718
cloud_1708349200_177499000,1708349200.177499,70.3692,-10.0082,-6.88348,0.0223281,0.0823522,0.0449128,0.99534
cloud_1708349201_376853000,1708349201.376853,71.589,-9.81332,-6.86068,-0.0120653,0.0861998,0.131597,0.987475
cloud_1708349202_675303000,1708349202.675303,72.7629,-9.36962,-6.79664,-0.0281686,0.0934268,0.268871,0.95822
cloud_1708349203_873672000,1708349203.873672,73.741,-8.70889,-6.74441,-0.0122055,0.0921384,0.327604,0.940233
cloud_1708349205_072485000,1708349205.072485,74.6557,-8.02236,-6.65503,0.00672929,0.090434,0.247704,0.964582
cloud_1708349206_371749000,1708349206.371749,75.8088,-7.57089,-6.63617,-0.00157734,0.0795177,0.140998,0.98681
cloud_1708349207_670595000,1708349207.670595,76.9936,-7.08643,-6.63793,0.00180716,0.0593228,0.24904,0.966673
cloud_1708349208_869678000,1708349208.869678,77.9232,-6.4755,-6.56259,-0.0235149,0.102594,0.344593,0.932833
cloud_1708349210_368417000,1708349210.368417,78.8243,-5.73227,-6.49442,-0.0104664,0.0908819,0.390566,0.916018
cloud_1708349211_567460000,1708349211.56746,79.5213,-4.87689,-6.47458,-0.0249261,0.0708172,0.602522,0.794563
cloud_1708349212_866331000,1708349212.866331,79.835,-3.89616,-6.45976,-0.0703407,0.0609258,0.740285,0.665822
cloud_1708349214_165164000,1708349214.165164,79.6818,-2.87297,-6.38109,-0.0911608,0.0809728,0.771726,0.624157
cloud_1708349215_464342000,1708349215.464342,79.4233,-1.7745,-6.17788,-0.0687241,0.0765019,0.784246,0.611868
cloud_1708349216_463217000,1708349216.463217,79.2457,-0.72586,-6.10838,-0.0571385,0.0859009,0.762607,0.638582
cloud_1708349217_762351000,1708349217.762351,79.1608,0.397516,-6.05228,-0.0535539,0.0684068,0.737093,0.670183
cloud_1708349218_761524000,1708349218.761524,79.0369,1.40785,-6.06392,-0.0429778,0.0519768,0.786728,0.613604
cloud_1708349219_960393000,1708349219.960393,78.9074,2.69898,-6.06808,-0.0374552,0.0466858,0.749445,0.659356
cloud_1708349221_259204000,1708349221.259204,78.5605,4.00309,-6.04561,-0.0527611,0.0505695,0.832176,0.549675
cloud_1708349222_258298000,1708349222.258298,78.1863,5.1125,-6.00933,-0.0478478,0.0830444,0.829427,0.550332
cloud_1708349223_257693000,1708349223.257693,77.8178,6.09144,-5.95614,-0.0300014,0.0689425,0.854811,0.513464
cloud_1708349224_556220000,1708349224.55622,77.305,7.24914,-5.88276,-0.0773563,0.049519,0.925102,0.368442
cloud_1708349225_855259000,1708349225.855259,76.4905,7.87769,-5.77605,-0.0751667,0.0351739,0.996005,0.0329611
cloud_1708349227_154119000,1708349227.154119,75.4189,8.1069,-5.71785,-0.0949684,0.00920975,0.973413,-0.208237
cloud_1708349228_452930000,1708349228.45293,74.548,7.57277,-5.75133,-0.0503806,-0.0159228,0.953772,-0.295849
cloud_1708349229_750760000,1708349229.75076,73.667,6.81091,-5.76915,-0.058147,-0.0081905,0.942447,-0.329158
cloud_1708349231_049000000,1708349231.049,72.8875,5.9492,-5.73112,-0.0587949,-0.00699241,0.953812,-0.294512
cloud_1708349232_348422000,1708349232.348422,71.9975,5.37001,-5.77601,-0.0804651,0.00612512,0.966272,-0.244555
cloud_1708349233_846169000,1708349233.846169,71.1153,4.70338,-5.68452,-0.0814707,-0.0119135,0.896325,-0.435685
cloud_1708349235_144872000,1708349235.144872,70.5603,3.75882,-5.71997,0.0640736,0.0336053,-0.832013,0.550017
cloud_1708349236_443878000,1708349236.443878,70.1953,2.72502,-5.738,0.0455853,0.0371981,-0.836734,0.54444
cloud_1708349238_141199000,1708349238.141199,69.8056,1.52276,-5.77768,-0.0135622,-0.0309628,0.865441,-0.49987
cloud_1708349239_438356000,1708349239.438356,69.2696,0.591202,-5.74325,-0.0752876,-0.0743714,0.933562,-0.342438
cloud_1708349241_236607000,1708349241.236607,68.0633,0.0269272,-5.77815,-0.0839882,0.0112512,0.996054,0.0263701
cloud_1708349242_635415000,1708349242.635415,66.9431,0.412563,-5.75574,-0.0635668,0.037922,0.994071,0.0796438
cloud_1708349244_334263000,1708349244.334263,65.7094,0.453451,-5.75267,-0.067557,-0.00471964,0.972365,-0.223429
cloud_1708349245_632755000,1708349245.632755,64.7959,-0.0722395,-5.75812,-0.0622056,-0.0177805,0.912855,-0.403126
cloud_1708349246_931304000,1708349246.931304,64.026,-0.829461,-5.83259,0.0269859,0.0174474,-0.823027,0.567092
cloud_1708349248_529813000,1708349248.529813,63.7286,-1.95477,-5.93956,0.0161953,0.0145949,-0.665052,0.746479
cloud_1708349250_027800000,1708349250.0278,64.0794,-3.11617,-6.10147,0.0301528,0.0212612,-0.548618,0.835259
cloud_1708349251_226845000,1708349251.226845,64.5209,-4.09162,-6.14934,0.0483586,0.0385599,-0.570289,0.819112
cloud_1708349252_525987000,1708349252.525987,64.8547,-5.14882,-6.24353,0.0419311,0.0155549,-0.615717,0.786697
cloud_1708349253_824976000,1708349253.824976,64.9588,-6.37407,-6.3545,0.0604469,0.0399807,-0.653942,0.753065
cloud_1708349255_123662000,1708349255.123662,65.091,-7.5823,-6.47251,0.027379,0.00998397,-0.629895,0.776133
cloud_1708349256_422440000,1708349256.42244,65.1745,-8.71378,-6.52747,0.0200724,-0.0107016,-0.720054,0.693545
cloud_1708349257_720571000,1708349257.720571,64.9959,-9.92902,-6.60016,0.0423518,0.0252326,-0.753483,0.655616
cloud_1708349259_119503000,1708349259.119503,64.7956,-11.2525,-6.73127,0.0389584,0.0117274,-0.655105,0.754442
cloud_1708349260_318416000,1708349260.318416,64.8008,-12.3958,-6.76731,0.0652402,0.0613819,-0.710166,0.698312
cloud_1708349261_517543000,1708349261.517543,64.7959,-13.4571,-6.81303,0.0410482,0.0326257,-0.682775,0.728745
cloud_1708349262_815636000,1708349262.815636,64.9926,-14.7167,-6.94315,0.0223202,0.0221768,-0.631493,0.774743
cloud_1708349263_814906000,1708349263.814906,65.2564,-15.761,-6.95957,0.0468445,0.0399258,-0.616627,0.784845
cloud_1708349265_113798000,1708349265.113798,65.5392,-17.0449,-6.92913,0.063317,0.0409577,-0.729103,0.680237
cloud_1708349266_713004000,1708349266.713004,65.4433,-18.3536,-6.99342,0.0444418,0.0141652,-0.759199,0.649185
cloud_1708349268_011475000,1708349268.011475,65.1614,-19.385,-6.9716,0.0637662,0.0307892,-0.805336,0.588574
cloud_1708349269_309734000,1708349269.309734,65.1077,-20.4917,-6.95035,0.0637319,0.0550373,-0.813076,0.576035
cloud_1708349270_609131000,1708349270.609131,64.7344,-21.467,-6.97156,-0.0438347,-0.00844193,0.886216,-0.461116
cloud_1708349271_907966000,1708349271.907966,64.149,-22.3194,-6.82341,-0.114761,-0.0183903,0.935423,-0.333879
cloud_1708349273_306116000,1708349273.306116,63.341,-22.976,-6.79628,-0.0679147,0.0136996,0.972721,-0.22139
cloud_1708349274_604823000,1708349274.604823,62.3533,-23.5286,-6.68126,-0.0625229,-0.00387793,0.96863,-0.240483
cloud_1708349275_803537000,1708349275.803537,61.4848,-24.0777,-6.66813,-0.0662513,-0.0187625,0.967319,-0.244033
cloud_1708349277_102747000,1708349277.102747,60.3984,-24.5247,-6.53948,-0.0822747,-0.00782242,0.97737,-0.194723
cloud_1708349278_301777000,1708349278.301777,59.2794,-24.8517,-6.5046,-0.098038,-0.00749209,0.972274,-0.21217
cloud_1708349279_600562000,1708349279.600562,58.3489,-25.3035,-6.39649,-0.1077,0.00391755,0.969394,-0.220591
cloud_1708349280_899481000,1708349280.899481,57.2438,-25.632,-6.24353,-0.115166,0.000918842,0.970839,-0.210255
cloud_1708349282_198148000,1708349282.198148,56.0614,-26.081,-6.18871,-0.0575249,0.0024347,0.976402,-0.208143
cloud_1708349283_496640000,1708349283.49664,54.9551,-26.4975,-6.08645,-0.0843069,-0.0127283,0.983513,-0.159475
cloud_1708349284_994986000,1708349284.994986,53.8654,-26.904,-6.02853,-0.0889497,-0.0194844,0.980319,-0.175166
cloud_1708349286_593444000,1708349286.593444,52.7186,-27.2404,-5.87986,-0.0856765,-0.0103986,0.991737,-0.0949185
cloud_1708349288_191869000,1708349288.191869,51.5172,-27.2796,-5.749,-0.0957933,0.00465273,0.989559,0.107583
cloud_1708349289_391056000,1708349289.391056,50.5643,-26.7162,-5.59207,-0.158669,0.0673585,0.939573,0.295786
cloud_1708349290_689869000,1708349290.689869,49.8535,-25.9579,-5.45872,-0.0910407,0.0396625,0.949303,0.298265
cloud_1708349292_089153000,1708349292.089153,48.7968,-25.2913,-5.28043,-0.0917642,0.0341618,0.979044,0.178566
cloud_1708349293_287714000,1708349293.287714,47.8848,-24.8176,-5.16358,-0.0731887,0.029681,0.989262,0.122979
cloud_1708349294_686880000,1708349294.68688,46.7169,-24.3796,-5.05448,-0.0707355,0.038362,0.991361,0.10358
cloud_1708349295_885638000,1708349295.885638,45.6205,-24.0797,-4.91881,-0.0620817,0.0636429,0.995756,0.0237767
cloud_1708349297_184071000,1708349297.184071,44.4917,-24.0384,-4.80459,-0.105781,0.0177957,0.994177,0.0102892
cloud_1708349298_482936000,1708349298.482936,43.3774,-23.9868,-4.66794,-0.0884888,0.044445,0.99327,-0.0600706
cloud_1708349299_681883000,1708349299.681883,42.3607,-24.1916,-4.62409,-0.0428965,0.00571048,0.976961,-0.208982
cloud_1708349300_881032000,1708349300.881032,41.3398,-24.6943,-4.55254,-0.050375,-0.0198531,0.911612,-0.407471
cloud_1708349302_179879000,1708349302.179879,40.5834,-25.6432,-4.54891,0.0675773,0.03261,-0.829507,0.553432
cloud_1708349303_478799000,1708349303.478799,40.0635,-26.7453,-4.59181,0.0587231,0.0179844,-0.830779,0.553204
cloud_1708349304_677135000,1708349304.677135,39.5725,-27.8135,-4.6397,0.0730982,0.0197271,-0.778653,0.62287
cloud_1708349305_876012000,1708349305.876012,39.3328,-28.8655,-4.64693,0.0695551,0.0532699,-0.812126,0.576867
cloud_1708349307_074729000,1708349307.074729,38.6767,-29.7284,-4.5857,-0.0868153,-0.00418998,0.907342,-0.411309
cloud_1708349308_273690000,1708349308.27369,37.8288,-30.4798,-4.508,-0.106851,-0.0011989,0.942955,-0.315305
cloud_1708349309_572575000,1708349309.572575,36.7986,-31.0708,-4.34695,-0.1121,0.0231891,0.983761,-0.138238
cloud_1708349310_871618000,1708349310.871618,35.7849,-31.3962,-4.16517,-0.0963104,0.0140235,0.987985,-0.120054
cloud_1708349312_170467000,1708349312.170467,34.7534,-31.5838,-4.11529,-0.0906235,-0.00585894,0.99544,-0.0291887
cloud_1708349313_669377000,1708349313.669377,33.5695,-31.5908,-4.06512,-0.0793868,-0.015942,0.994728,-0.06292
cloud_1708349314_866787000,1708349314.866787,32.5804,-31.801,-3.93832,-0.0784911,-0.0212896,0.985729,-0.147392
cloud_1708349316_066132000,1708349316.066132,31.4728,-32.1255,-3.86665,-0.103717,0.00330411,0.98083,-0.164935
cloud_1708349317_264704000,1708349317.264704,30.3604,-32.3168,-3.83687,-0.0725618,0.0100567,0.988132,-0.135016
cloud_1708349318_563170000,1708349318.56317,29.193,-32.5152,-3.72582,-0.0672459,0.0291827,0.988004,-0.135922
cloud_1708349319_762836000,1708349319.762836,28.1113,-32.746,-3.66478,-0.0711181,0.00713045,0.989074,-0.128931
cloud_1708349320_959458000,1708349320.959458,27.0168,-33.0477,-3.60436,-0.0590073,-0.0189856,0.985725,-0.156539
cloud_1708349322_158319000,1708349322.158319,25.9004,-33.5244,-3.56145,-0.065723,-0.00657511,0.965362,-0.252414
cloud_1708349323_457275000,1708349323.457275,24.8381,-34.1512,-3.52307,-0.0797117,-0.00338866,0.943866,-0.320549
cloud_1708349324_656191000,1708349324.656191,24.0449,-34.8944,-3.50472,-0.0851461,-0.024151,0.938816,-0.332855
cloud_1708349325_855278000,1708349325.855278,23.2201,-35.6586,-3.56031,-0.0467218,0.0152815,0.960096,-0.275316
cloud_1708349327_053519000,1708349327.053519,22.2593,-36.1214,-3.62173,-0.0484054,0.0313997,0.990966,-0.121072
cloud_1708349328_351164000,1708349328.351164,21.0628,-36.3083,-3.62737,-0.076154,0.00290871,0.996174,-0.0427728
cloud_1708349329_650524000,1708349329.650524,19.7862,-36.5557,-3.668,-0.0744838,-0.00255956,0.989926,-0.120381
cloud_1708349330_849281000,1708349330.849281,18.5887,-36.6142,-3.69497,-0.0598984,0.00643047,0.997182,0.044704
cloud_1708349332_048895000,1708349332.048895,17.3644,-36.4931,-3.64247,-0.0714007,0.0103268,0.997202,-0.0195837
cloud_1708349333_347702000,1708349333.347702,16.038,-36.5006,-3.63957,-0.063846,0.0255008,0.99395,-0.0856511
cloud_1708349334_546383000,1708349334.546383,14.8606,-36.4234,-3.5886,-0.0933128,0.0187038,0.995012,-0.0298897
cloud_1708349335_845170000,1708349335.84517,13.5539,-36.4795,-3.60945,-0.0721317,0.0108235,0.993259,-0.0900882
cloud_1708349336_744249000,1708349336.744249,12.537,-36.6494,-3.62391,-0.0868553,-0.00105602,0.989459,-0.115867
cloud_1708349337_943069000,1708349337.943069,11.2626,-36.7167,-3.48929,-0.111904,0.00402911,0.991064,-0.0724837
cloud_1708349339_140089000,1708349339.140089,10.1595,-36.8527,-3.42879,-0.0784486,-0.0239336,0.989455,-0.119383
cloud_1708349340_339059000,1708349340.339059,9.10472,-37.2756,-3.39673,-0.085707,-0.0103077,0.963676,-0.25274
cloud_1708349341_538130000,1708349341.53813,8.03868,-37.8321,-3.46394,-0.0562771,0.00522747,0.970685,-0.233614
cloud_1708349342_436916000,1708349342.436916,7.01889,-38.2217,-3.44072,-0.0852263,0.00692983,0.979011,-0.185001
cloud_1708349343_436136000,1708349343.436136,5.91275,-38.6506,-3.47947,-0.0817278,-0.00252042,0.987147,-0.137312
cloud_1708349344_634413000,1708349344.634413,4.68641,-38.7547,-3.40316,-0.0741963,0.0239893,0.990678,0.111701
cloud_1708349345_933423000,1708349345.933423,3.53922,-38.3992,-3.39614,-0.0530049,0.0510346,0.959636,0.271449
cloud_1708349347_132629000,1708349347.132629,2.59058,-37.7329,-3.36994,-0.0627159,0.0414741,0.931233,0.356583
cloud_1708349348_531551000,1708349348.531551,1.8071,-36.7502,-3.29875,-0.0735401,0.0507623,0.895757,0.43547
cloud_1708349349_830138000,1708349349.830138,1.05494,-35.8529,-3.21467,-0.0765571,0.0546608,0.921974,0.375652
cloud_1708349351_129118000,1708349351.129118,0.223457,-34.9393,-3.11261,-0.0736394,0.05646,0.939926,0.328524
cloud_1708349352_328357000,1708349352.328357,-0.675994,-34.1676,-3.03699,-0.0463798,0.0449883,0.947229,0.313977
cloud_1708349353_427373000,1708349353.427373,-1.514,-33.4122,-2.99838,-0.0805947,0.0464122,0.925747,0.366527
cloud_1708349354_726081000,1708349354.726081,-2.35757,-32.5013,-2.89591,-0.114001,0.0608714,0.886805,0.443706
cloud_1708349356_025138000,1708349356.025138,-3.07838,-31.4208,-2.72158,-0.0918377,0.060197,0.898004,0.426066
cloud_1708349357_024130000,1708349357.02413,-3.68929,-30.6263,-2.65333,-0.0894973,0.0811302,0.860408,0.495082
cloud_1708349358_023674000,1708349358.023674,-4.14908,-29.5812,-2.51894,-0.0889413,0.100355,0.823434,0.551338
cloud_1708349359_322410000,1708349359.32241,-4.40884,-28.3998,-2.36886,-0.0546063,0.0838777,0.72541,0.681002
cloud_1708349360_621298000,1708349360.621298,-4.36676,-27.1953,-2.3063,-0.0502487,0.048807,0.704465,0.706273
cloud_1708349361_820344000,1708349361.820344,-4.35662,-26.0651,-2.204,-0.0724444,0.080441,0.685206,0.72026
cloud_1708349363_018801000,1708349363.018801,-4.31177,-25.0707,-2.08471,-0.0525519,0.0580584,0.703711,0.706157
cloud_1708349364_218214000,1708349364.218214,-4.16416,-24.0011,-2.01508,-0.0851056,0.0957263,0.734084,0.666869
cloud_1708349365_516735000,1708349365.516735,-4.21833,-22.9557,-1.90726,-0.0573114,0.0683193,0.769019,0.632975
cloud_1708349366_715694000,1708349366.715694,-4.33119,-21.9611,-1.77563,-0.038986,0.0606087,0.720811,0.689375
cloud_1708349367_914453000,1708349367.914453,-4.30418,-20.954,-1.73103,-0.0287235,0.0472993,0.662254,0.747234
cloud_1708349369_413301000,1708349369.413301,-4.1183,-19.6695,-1.61686,-0.0407542,0.0768654,0.672646,0.734832
cloud_1708349370_911887000,1708349370.911887,-4.03532,-18.5495,-1.52449,-0.0621434,0.063543,0.676921,0.73067
cloud_1708349372_111082000,1708349372.111082,-4.0478,-17.532,-1.38517,-0.06781,0.0588407,0.692411,0.715895
cloud_1708349373_309887000,1708349373.309887,-4.17358,-16.5164,-1.22341,-0.0956172,0.0698339,0.725403,0.678064
cloud_1708349374_508953000,1708349374.508953,-4.22367,-15.4157,-1.11601,-0.0668011,0.0733363,0.726377,0.6801
cloud_1708349376_007438000,1708349376.007438,-4.20442,-14.1591,-1.0043,-0.0260047,0.021354,0.721108,0.692005
cloud_1708349377_206502000,1708349377.206502,-4.03176,-12.9989,-0.969577,-0.0337525,0.0662965,0.682422,0.727163
cloud_1708349378_406045000,1708349378.406045,-3.8064,-11.7872,-0.933409,-0.0226162,0.0493516,0.691599,0.720239
cloud_1708349379_305045000,1708349379.305045,-3.78792,-10.7728,-0.927158,-0.0777125,0.0659707,0.700323,0.70651
cloud_1708349380_204180000,1708349380.20418,-3.73391,-9.76675,-0.817981,-0.0705769,0.106564,0.751787,0.6469
cloud_1708349381_403218000,1708349381.403218,-3.75791,-8.66434,-0.640957,-0.0718675,0.0984566,0.733872,0.668261
cloud_1708349382_602147000,1708349382.602147,-3.82377,-7.63814,-0.487534,-0.0550718,0.0891681,0.771912,0.627032
cloud_1708349383_801471000,1708349383.801471,-3.84874,-6.49675,-0.32393,-0.0383118,0.0790068,0.734374,0.673042
cloud_1708349385_099894000,1708349385.099894,-3.8904,-5.33645,-0.219268,-0.0569255,0.0821929,0.731319,0.674667
cloud_1708349386_298400000,1708349386.2984,-4.13757,-4.27848,-0.179088,-0.0950003,0.0748489,0.790746,0.600078
cloud_1708349387_497603000,1708349387.497603,-4.62983,-3.35442,-0.000225312,-0.0708692,0.0430099,0.899162,0.429692
cloud_1708349388_696653000,1708349388.696653,-5.4203,-2.67356,0.0810969,-0.0756357,0.0232883,0.976375,0.201071
cloud_1708349390_195432000,1708349390.195432,-6.59335,-2.37427,0.159998,-0.0841037,0.0101797,0.993689,-0.0735238
cloud_1708349391_394161000,1708349391.394161,-7.71338,-2.50809,0.156413,-0.058527,0.0275863,0.991657,-0.111487
cloud_1708349392_693024000,1708349392.693024,-9.03757,-2.75588,0.150674,-0.0632509,-0.0167035,0.953416,-0.294479
cloud_1708349393_992421000,1708349393.992421,-9.7845,-3.5186,0.046113,0.0511692,0.0238333,-0.808993,0.585101
cloud_1708349395_190361000,1708349395.190361,-10.032,-4.53547,0.000429379,0.0587949,0.0236142,-0.714975,0.696273
cloud_1708349396_189422000,1708349396.189422,-10.0746,-5.56935,-0.0934061,0.0693001,0.045741,-0.712245,0.697003
cloud_1708349397_388857000,1708349397.388857,-9.97318,-6.66664,-0.224011,0.0468401,0.0435699,-0.703886,0.707426
cloud_1708349398_587603000,1708349398.587603,-9.91815,-7.86965,-0.404189,0.0446512,0.0216475,-0.708724,0.703738
cloud_1708349399_786452000,1708349399.786452,-9.79789,-9.06198,-0.481814,0.0724055,0.0214124,-0.650035,0.756144
cloud_1708349400_985099000,1708349400.985099,-9.61144,-10.3616,-0.568117,0.0609092,0.0429364,-0.701914,0.708353
cloud_1708349402_184227000,1708349402.184227,-9.73479,-11.5688,-0.612418,0.0614512,0.0248953,-0.741456,0.667717
cloud_1708349403_383171000,1708349403.383171,-9.87426,-12.8276,-0.707048,0.0518232,0.026355,-0.720236,0.691288
cloud_1708349404_582235000,1708349404.582235,-10.1636,-14.0897,-0.811782,0.09175,0.0650447,-0.750659,0.651047
cloud_1708349405_780889000,1708349405.780889,-10.476,-15.299,-0.987089,0.0499451,0.0421936,-0.761547,0.644803
cloud_1708349406_680064000,1708349406.680064,-10.6679,-16.268,-1.1533,0.0415727,0.0331199,-0.72515,0.686536
cloud_1708349407_578007000,1708349407.578007,-10.6409,-17.283,-1.20897,0.0869322,0.0651508,-0.721842,0.683478
cloud_1708349408_577405000,1708349408.577405,-10.6077,-18.3673,-1.40512,0.0644221,0.0404199,-0.718227,0.69164
cloud_1708349409_576812000,1708349409.576812,-10.6083,-19.4118,-1.55558,0.0234971,-0.0024157,-0.746267,0.665227
cloud_1708349410_475625000,1708349410.475625,-10.749,-20.4031,-1.58622,0.037493,0.00920509,-0.735434,0.676496
cloud_1708349411_374324000,1708349411.374324,-10.8266,-21.4953,-1.76027,0.0487343,0.0266781,-0.734561,0.676265
cloud_1708349412_573416000,1708349412.573416,-11.0476,-22.784,-1.85953,0.0441396,0.0109645,-0.774986,0.63034
cloud_1708349413_572176000,1708349413.572176,-11.2941,-23.7906,-1.89719,0.0479873,0.0160878,-0.793252,0.606787
cloud_1708349414_771137000,1708349414.771137,-11.6764,-24.8866,-2.02841,0.0371714,0.0134655,-0.796688,0.603097
cloud_1708349416_069831000,1708349416.069831,-12.0771,-26.069,-2.10303,0.0486761,0.037047,-0.806521,0.588032
cloud_1708349417_268640000,1708349417.26864,-12.4219,-27.2985,-2.17762,0.0676276,0.0538192,-0.709158,0.699732
cloud_1708349418_467113000,1708349418.467113,-12.35,-28.5114,-2.32579,0.0566877,0.0513401,-0.573199,0.815839
cloud_1708349419_665937000,1708349419.665937,-12.0254,-29.5334,-2.52939,0.0301569,0.00946419,-0.547006,0.836532
cloud_1708349420_865174000,1708349420.865174,-11.817,-30.5915,-2.69865,0.0671269,0.0277582,-0.678717,0.730799
cloud_1708349422_063854000,1708349422.063854,-11.955,-31.6478,-2.82687,0.0400715,0.0114044,-0.794275,0.606129
cloud_1708349423_262460000,1708349423.26246,-12.3498,-32.6161,-2.94452,0.0475348,0.0132402,-0.863295,0.502281
cloud_1708349424_561548000,1708349424.561548,-12.9448,-33.5712,-3.14381,-0.0575184,-0.00437062,0.887679,-0.456836
cloud_1708349425_760810000,1708349425.76081,-13.6423,-34.3143,-3.41061,-0.0293781,0.00917572,0.92857,-0.36988
cloud_1708349427_758748000,1708349427.758748,-14.5176,-34.9524,-3.49992,-0.0097315,0.0169259,0.938617,-0.344408
